season,rk,player_name,recent_team,games,cmp,att,pass_yds,pass_tds,ints,sacks,pass_ayds,pass_yac,pass_1st,rz_att,ez_att,deep_att,rz_cmp,ez_cmp,deep_cmp,rz_cmp_rate,ez_cmp_rate,deep_cmp_rate,avg_time_to_throw,avg_comp_ayds,avg_int_ayds,avg_ayds_diff,agg,max_cmp_air_dis,avg_ayds_to_sticks,passer_rating,cmp_pct,max_air_dis,pass_yds_300,pass_yds_350,pass_yds_400,pass_td_1,pass_td_20,pass_td_50,int_tds,car,rush_yds,rush_tds,in_five_car,nw_fpts,sd_nw,nw_fpts/g,fpts,std_pos_rk,player_id,pick,overall
2020,1,Aaron Rodgers,GB,16,372,526,4299,48,5,20,4135,2248,216,86,46,78,61,26,34,0.71,0.57,0.44,2.73,5.4,7.98,-2.58,10.54,44.82,-0.51,119.67,71.16,52.93,4,1,0,35,9,4,1,38,149,3,NA,610,21.52,38.12,382.26,2,00-0023459,7.04,75.8
2020,2,Josh Allen,BUF,16,396,572,4544,37,10,26,4857,1871,228,92,52,67,55,22,29,0.6,0.42,0.43,3.05,6.91,8.89,-1.98,13.32,42.97,-0.28,106.16,69.03,53.18,4,2,2,25,11,1,0,102,421,8,11,600,24.15,37.5,395.06,1,00-0034857,8.03,87
2020,3,Patrick Mahomes,KC,15,390,588,4740,38,6,22,4910,2241,238,84,45,71,48,19,26,0.57,0.42,0.37,2.89,6.16,8.36,-2.2,11.41,41.77,-0.39,108.87,66.89,51.19,4,3,2,23,13,2,0,62,308,2,NA,599,24.91,39.93,374.4,4,00-0033873,1.1,10.3
2020,4,Deshaun Watson,HOU,16,382,544,4823,33,7,49,4837,1976,221,97,51,62,53,17,31,0.55,0.33,0.5,2.85,7.3,9,-1.69,14.38,41.91,0.18,111.77,69.85,47.81,7,3,0,17,13,3,0,90,444,3,7,543,18.92,33.94,369.32,5,00-0033537,6.03,62.6
2020,5,Ryan Tannehill,TEN,16,315,481,3819,34,7,24,4024,1529,202,75,37,39,46,17,12,0.61,0.46,0.31,2.69,7.3,8.45,-1.16,19.34,39.51,-0.05,106.14,64.99,43.77,1,2,0,27,4,3,0,43,266,7,NA,494,17.79,30.88,347.36,7,00-0029701,12.07,139.2
2020,6,Tom Brady,TB,16,401,610,4633,40,12,21,5529,1810,233,99,57,94,56,27,35,0.57,0.47,0.37,2.57,7.07,9.39,-2.32,14.55,43.05,0.7,102.92,66.04,52.49,3,4,0,28,12,0,2,30,6,3,NA,490,24.21,30.62,337.92,8,00-0019596,8.07,90.7
2020,7,Justin Herbert,LAC,15,396,595,4336,31,10,32,4373,2215,216,85,50,65,45,17,24,0.53,0.34,0.37,2.71,5.4,7.72,-2.32,17.76,47.08,-1.09,101.26,67.04,54.28,7,1,0,20,7,4,0,55,234,5,NA,476,21.18,31.73,332.84,9,00-0036355,NA,NA
2020,8,Russell Wilson,SEA,16,384,558,4212,40,13,47,4809,1827,213,87,66,64,55,30,22,0.63,0.45,0.34,2.95,6.14,8.49,-2.35,10.88,45.12,-0.01,103.85,69.33,54.37,2,3,0,29,9,2,1,83,513,2,3,473,21.05,29.56,359.78,6,00-0029263,5.02,49.8
2020,9,Kyler Murray,ARI,16,375,558,3971,26,12,27,4340,1758,205,71,38,69,46,14,27,0.65,0.37,0.39,2.74,6.02,8,-1.98,13.02,43.44,-0.76,95.83,66.9,50.67,0,2,1,18,5,3,1,133,819,11,8,440,22.8,27.5,378.74,3,00-0035228,5.07,54.7
2020,10,Kirk Cousins,MIN,16,349,516,4265,35,13,39,4103,1936,212,73,49,59,41,18,24,0.56,0.37,0.41,2.93,7.27,8.71,-1.44,16.75,37.76,-0.14,104.43,66.93,45.66,4,0,1,25,8,2,1,32,156,1,NA,420,19.48,26.25,306.2,11,00-0029604,13.12,155.7
2020,11,Ben Roethlisberger,PIT,15,399,608,3803,33,10,13,4220,1953,193,81,41,67,46,17,21,0.57,0.41,0.31,2.3,4.66,7.2,-2.54,17.57,39.79,-1.29,95.18,65.54,50.89,5,0,0,20,11,2,1,25,11,0,NA,396,17.08,26.4,267.22,14,00-0022924,11.03,123.1
2020,12,Derek Carr,LV,16,348,517,4103,27,9,26,4184,1956,193,88,46,63,46,17,29,0.52,0.37,0.46,2.78,5.95,8.25,-2.29,16.53,42.11,0.03,101.6,67.18,50.48,4,2,0,15,9,3,2,39,140,3,NA,373,20.29,23.31,272.12,13,00-0031280,14.07,162.9
2020,13,Lamar Jackson,BAL,15,242,376,2757,26,9,29,3238,1169,138,67,41,45,43,20,17,0.64,0.49,0.38,2.98,6.79,8.98,-2.2,14.26,37.41,-0.1,100.08,65.17,45.45,0,0,0,19,7,0,1,159,1005,7,3,368,16.83,24.53,332.78,10,00-0034796,2.06,18.1
2020,14,Matt Ryan,ATL,16,407,626,4581,26,11,41,5342,1642,242,98,56,79,48,16,32,0.49,0.29,0.41,2.88,7.23,8.75,-1.52,14.68,40.52,0.11,92.38,64.91,45.38,2,2,1,19,6,1,0,29,92,2,NA,348,23.07,21.75,282.44,12,00-0026143,7.12,83.7
2020,15,Drew Brees,NO,12,275,390,2942,24,6,13,2361,1478,149,70,25,18,44,14,8,0.63,0.56,NA,2.69,5.7,6.55,-0.84,12.91,37.27,-2.05,105.92,70.78,40.42,3,0,0,19,4,1,0,18,-2,2,NA,290,11.84,24.17,209.48,21,00-0020531,7.04,76.4
2020,16,Jared Goff,LA,15,370,552,3952,20,13,23,3579,2152,194,59,24,49,37,10,13,0.63,0.42,0.27,2.77,4.92,6.59,-1.66,12.8,35.68,-1.88,91.59,67.31,45.99,3,3,0,15,3,2,1,51,99,4,NA,273,19.33,18.2,239.98,19,00-0033106,12.01,132.7
2020,17,Baker Mayfield,CLE,16,305,486,3563,26,8,26,4136,1360,188,75,43,58,46,20,26,0.61,0.47,0.45,3.08,7.4,9.12,-1.72,13.47,39.25,0.53,95.45,63.17,45.94,2,0,0,21,4,1,1,54,165,1,3,268,20.6,16.75,247.62,17,00-0034855,11.02,122.3
2020,18,Matthew Stafford,DET,16,339,528,4084,26,10,38,4609,1741,205,74,37,65,39,12,26,0.53,0.32,0.4,2.65,6.76,8.97,-2.21,16.88,41.29,0.14,96.71,64.36,53.6,2,0,1,17,8,1,3,29,112,0,NA,266,18.86,16.62,258.56,16,00-0026498,9.09,104.9
2020,19,Philip Rivers,IND,16,369,543,4169,24,11,19,3883,2231,200,85,31,50,49,12,22,0.58,0.39,0.44,2.53,5.28,7.46,-2.18,15.71,39.36,-1.74,98.27,68.39,44.91,1,2,0,17,7,0,1,18,-8,0,NA,248,16.47,15.5,239.96,20,00-0022942,14.04,159.8
2020,20,Teddy Bridgewater,CAR,15,340,492,3733,15,11,31,3511,1880,174,57,23,54,31,2,24,0.54,0.09,0.44,2.6,5.5,7.45,-1.95,13.22,42.87,-1.41,90.66,68.69,47.67,2,1,0,9,3,3,0,53,279,5,NA,238,15.87,15.87,241.22,18,00-0031237,14.06,162
2020,21,Joe Burrow,CIN,10,264,404,2688,13,5,32,3433,1138,150,61,35,46,30,6,9,0.49,0.17,0.2,2.64,5.68,8.6,-2.92,21.48,34.61,-0.38,88.55,65.38,47.25,4,0,1,12,1,0,0,37,142,3,NA,210,19.12,21,173.72,25,00-0036442,13.1,153.6
2020,22,Dak Prescott,DAL,5,151,222,1856,9,4,10,1762,810,93,22,10,28,13,2,15,NA,0.2,NA,2.78,6.68,7.63,-0.95,15.79,41.3,-0.8,95.8,67.74,46.72,0,0,3,3,6,0,1,18,93,3,4,206,39.05,41.2,134.64,31,00-0033077,5.05,52.6
2020,23,Cam Newton,NE,15,242,368,2657,8,10,31,2496,1258,133,38,13,28,19,2,15,0.5,0.15,NA,2.81,5.5,6.99,-1.49,12.74,35.46,-2.25,81.18,65.49,43.07,0,2,0,5,3,0,1,137,592,12,22,198,20.23,13.2,258.98,15,00-0027939,11.12,131.7
2020,24,Gardner Minshew,JAX,9,216,327,2259,16,5,27,2558,1016,117,62,35,34,26,9,14,0.42,0.26,0.41,2.74,5.62,8.07,-2.45,16.49,41.1,-0.53,98.03,67.38,47.79,2,1,0,14,2,0,0,29,153,1,0,193,12.85,21.44,159.66,26,00-0035289,14.02,158.3
2020,25,Ryan Fitzpatrick,MIA,9,183,267,2091,13,8,14,2072,855,106,36,22,20,17,7,12,0.47,0.32,NA,2.39,6.22,7.81,-1.59,21.93,35.47,-0.87,93.99,70.06,41.41,2,1,0,10,2,1,0,30,151,2,NA,179,19.83,19.89,152.74,28,00-0023682,NA,NA
2019,1,Lamar Jackson,BAL,15,265,401,3127,36,6,23,3545,1360,161,66,45,55,41,21,19,0.62,0.47,0.35,2.95,6.74,8.82,-2.08,14.91,37.13,0.25,108.46,67.38,47.06,1,0,0,24,9,3,0,176,1206,7,7,555,20.6,37,415.68,1,00-0034796,8.04,88.2
2019,2,Dak Prescott,DAL,16,388,596,4902,30,11,23,5613,1880,229,65,33,76,33,10,33,0.51,0.3,0.43,2.86,7.37,9.06,-1.69,17.18,40.87,0.2,100.96,66.03,51.28,2,2,3,16,11,3,0,52,277,3,NA,488,24.6,30.5,337.78,2,00-0033077,11.07,127.3
2019,3,Patrick Mahomes,KC,14,319,484,4031,26,5,17,4281,1947,176,61,29,69,30,8,31,0.49,0.28,0.45,2.83,6.31,8.61,-2.31,12.51,41.33,-0.71,103.23,65.07,51.17,3,2,2,11,12,3,0,43,218,2,NA,468,24.05,33.43,287.04,7,00-0033873,2.04,16.4
2019,4,Aaron Rodgers,GB,16,353,569,4002,26,4,36,5006,2020,189,86,53,98,51,14,32,0.59,0.26,0.33,2.9,5.43,8.72,-3.3,13.78,41.01,-0.12,95.69,62.47,52.61,2,0,2,16,8,2,0,46,183,1,4,389,26.72,24.31,278.38,9,00-0023459,5.04,52.2
2019,5,Russell Wilson,SEA,16,341,516,4110,31,5,48,4830,1723,190,94,71,76,46,21,31,0.49,0.3,0.41,2.86,6.93,9.56,-2.63,19.03,42.81,0.18,107.78,66.73,47.86,1,1,1,25,4,2,2,75,342,3,4,383,24.21,23.94,326.6,3,00-0029263,8.03,86.6
2019,6,Deshaun Watson,HOU,15,333,495,3852,26,12,44,4420,1672,191,66,43,76,34,16,31,0.52,0.37,0.41,2.81,6.61,8.83,-2.22,15.67,42.93,0.15,98.39,67.59,52.03,1,1,1,18,7,1,0,82,413,7,6,383,23.98,25.53,319.98,4,00-0033537,4.06,41.7
2019,7,Drew Brees,NO,11,281,378,2979,27,4,12,2425,1495,159,65,24,30,44,14,14,0.68,0.58,0.47,2.57,5.17,6.64,-1.48,13.71,36.14,-1.98,116.44,74.51,42.09,3,2,0,18,8,1,0,9,-4,1,NA,370,25.89,33.64,224.76,21,00-0020531,6.09,69.3
2019,8,Matt Ryan,ATL,15,408,616,4466,26,14,48,5051,1626,228,93,35,58,45,11,24,0.48,0.31,0.41,2.77,6.91,8.34,-1.44,16.41,39.52,-1.12,92.53,66.38,47.59,8,3,0,20,4,2,1,34,147,1,1,353,16.39,23.53,267.34,11,00-0026143,6.02,62.4
2019,9,Kirk Cousins,MIN,15,307,444,3603,26,6,28,3391,1789,165,56,39,63,31,16,24,0.55,0.41,0.38,3,5.94,7.85,-1.91,12.81,43.84,-1.14,105.72,69.77,48.52,4,0,0,16,6,4,0,31,63,1,NA,353,20.74,23.53,244.42,15,00-0029604,11.12,131.5
2019,10,Jameis Winston,TB,16,380,626,5109,33,30,47,6481,1885,243,81,60,111,41,20,40,0.51,0.33,0.36,2.77,8.33,10.51,-2.19,17.22,42.91,1.33,86.76,60.71,51.46,5,3,3,19,11,3,7,59,250,1,5,352,28.64,22,305.36,5,00-0031503,9.09,104.8
2019,11,Carson Wentz,PHI,16,388,607,4039,27,7,37,4889,1805,213,83,41,77,46,18,29,0.55,0.44,0.38,2.71,5.64,7.96,-2.32,15.72,39.49,-0.6,93.66,63.73,50.21,5,0,0,19,6,2,0,62,243,1,NA,351,14.86,21.94,275.86,10,00-0032950,6.1,69.9
2019,12,Daniel Jones,NYG,13,284,459,3027,24,12,38,3689,1395,140,66,26,54,34,9,16,0.52,0.35,0.3,2.86,5.68,8.06,-2.38,23.02,37.43,-0.81,86.28,61.66,44.93,4,1,0,12,9,3,0,45,279,2,1,336,29.49,25.85,214.98,24,00-0035710,NA,NA
2019,13,Ryan Tannehill,TEN,12,201,286,2742,22,6,31,2739,1224,126,NA,NA,NA,NA,NA,NA,NA,NA,NA,2.93,7.67,9.69,-2.02,19.87,42.86,0.58,118.93,71.25,50.29,2,1,0,14,5,3,0,43,185,4,2,333,17.24,27.75,224.18,22,00-0029701,NA,NA
2019,14,Tom Brady,NE,16,373,613,4057,24,8,27,4613,1863,193,104,35,64,57,9,25,0.55,0.26,0.39,2.73,5.63,7.6,-1.97,15.24,38.93,-1.56,89.1,60.85,45.54,5,0,0,13,10,1,1,26,34,3,NA,328,17.74,20.5,263.68,12,00-0019596,10.06,114.3
2019,15,Jimmy Garoppolo,SF,16,329,476,3978,27,13,36,3108,2159,193,81,28,31,49,12,19,0.6,0.43,0.61,2.65,5.49,6.52,-1.02,14.87,38.47,-2.47,102.53,69.51,42.77,2,0,1,16,9,2,1,46,62,1,NA,316,22.7,19.75,245.32,14,00-0031345,13.1,153.7
2019,16,Josh Allen,BUF,16,271,461,3089,20,9,38,4262,1340,146,59,31,70,26,8,18,0.44,0.26,0.26,2.85,6.5,9.49,-2.98,15.26,37.53,0.12,87.88,59.55,51.18,0,0,0,12,7,1,1,109,510,9,NA,294,13.76,18.38,288.56,6,00-0034857,13.01,144.8
2019,17,Matthew Stafford,DET,8,187,291,2499,19,5,18,3109,890,117,45,30,58,24,10,23,0.53,0.33,0.4,2.68,8.32,10.69,-2.37,23.49,47.63,1.79,105.1,64.48,53.6,1,2,1,11,7,1,0,20,66,0,NA,275,23.06,34.38,166.56,29,00-0026498,14.09,165.4
2019,18,Kyler Murray,ARI,16,349,542,3722,20,12,48,4055,1846,173,81,29,69,42,6,28,0.52,0.21,0.41,2.73,4.9,6.83,-1.93,13.71,37.62,-2.13,88.79,65.06,45.26,5,0,0,12,6,2,2,93,544,4,3,269,18.03,16.81,285.28,8,00-0035228,9.07,102.9
2019,19,Jared Goff,LA,16,394,626,4638,22,16,22,4841,2244,220,77,32,56,50,14,18,0.65,0.44,0.32,2.81,5.95,7.87,-1.92,12.38,37.66,-1.18,86.32,62.63,47.13,2,2,2,18,3,1,2,33,40,2,NA,255,19.68,15.94,247.52,13,00-0033106,7.08,80.3
2019,20,Philip Rivers,LAC,16,390,591,4615,23,20,34,5047,2154,217,91,38,79,46,8,27,0.51,0.21,0.34,2.63,6.24,8.69,-2.45,16.67,43.01,-0.63,92.01,66.72,49.57,7,1,0,15,6,2,1,12,29,0,NA,253,20.96,15.81,235.5,18,00-0022942,9.08,104.3
2019,21,Gardner Minshew,JAX,14,285,470,3271,21,6,33,3472,1531,150,71,29,50,31,12,23,0.44,0.41,0.46,2.84,5.92,7.43,-1.51,15.9,41.93,-1.85,91.28,60.87,45.43,1,1,0,16,4,1,0,67,344,0,1,244,13.12,17.43,229.24,19,00-0035289,NA,NA
2019,22,Ryan Fitzpatrick,MIA,15,311,502,3529,20,13,40,4513,1239,182,73,32,58,40,13,21,0.55,0.41,0.36,2.63,7.05,9.1,-2.05,21.55,39.31,0.02,83.67,61.43,48.74,2,1,1,16,4,0,2,54,243,4,NA,238,24.97,15.87,241.46,17,00-0023682,NA,NA
2019,23,Jacoby Brissett,IND,15,272,447,2942,18,6,27,3545,1519,143,62,31,42,30,9,12,0.48,0.29,0.29,2.93,4.96,7.73,-2.78,17.2,34.24,-1.6,86.48,60.69,48.99,3,0,0,15,3,0,1,56,228,4,5,223,14.13,14.87,216.68,23,00-0033119,14.08,164.4
2019,24,Derek Carr,LV,16,361,513,4054,21,8,29,3355,2135,191,80,35,41,45,11,16,0.56,0.31,0.39,2.81,4.87,6.33,-1.46,11.87,35.54,-2.26,100.03,70.88,41.65,0,1,0,15,4,2,2,27,82,2,NA,215,16.3,13.44,244.36,16,00-0031280,13.11,155
2019,25,Sam Darnold,NYJ,13,273,441,3024,19,13,33,3755,1466,147,60,23,52,28,8,16,0.47,0.35,0.31,2.92,5.75,8.64,-2.89,18.53,35.99,0.07,86.37,61.92,47.07,2,0,0,12,6,1,0,33,62,2,2,214,17.53,16.46,189.16,27,00-0034869,14.06,162.3
2018,1,Patrick Mahomes,KC,16,383,580,5097,50,12,26,5255,2613,237,110,49,88,66,21,36,0.6,0.43,0.41,NA,NA,NA,NA,NA,NA,NA,NA,NA,NA,5,4,1,35,8,7,1,60,272,2,6,693,19.24,43.31,417.08,1,00-0033873,10.08,115.8
2018,2,Matt Ryan,ATL,16,422,608,4924,35,7,42,5201,2133,237,86,34,73,48,12,28,0.56,0.35,0.38,NA,NA,NA,NA,NA,NA,NA,NA,NA,NA,1,6,1,23,10,2,1,33,125,3,NA,541,22.98,33.81,351.96,2,00-0026143,10.02,109.7
2018,3,Ben Roethlisberger,PIT,16,452,675,5129,34,16,24,5254,2802,248,95,54,83,53,15,26,0.56,0.28,0.31,NA,NA,NA,NA,NA,NA,NA,NA,NA,NA,3,3,2,20,9,5,1,31,98,3,NA,507,23.81,31.69,340.86,3,00-0022924,10.04,112.5
2018,4,Drew Brees,NO,15,364,489,3992,32,5,17,3502,1827,199,95,30,53,67,15,26,0.71,0.5,0.49,NA,NA,NA,NA,NA,NA,NA,NA,NA,NA,2,3,1,22,8,2,0,31,22,4,NA,488,25.87,32.53,303.98,8,00-0020531,6.05,64.5
2018,5,Jared Goff,LA,16,364,561,4688,32,12,33,4865,2126,233,106,46,63,59,16,29,0.56,0.35,0.46,NA,NA,NA,NA,NA,NA,NA,NA,NA,NA,3,3,2,23,7,2,0,43,108,2,2,469,29.87,29.31,310.32,7,00-0033106,11.05,125.2
2018,6,Andrew Luck,IND,16,430,639,4593,39,15,18,4770,1968,236,103,49,67,67,25,28,0.65,0.51,0.42,NA,NA,NA,NA,NA,NA,NA,NA,NA,NA,3,3,1,32,5,2,2,46,148,0,NA,436,18.65,27.25,324.92,5,00-0029668,8.02,86.5
2018,7,Philip Rivers,LAC,16,347,508,4308,32,12,32,3948,2119,213,75,43,56,43,20,24,0.57,0.47,0.43,NA,NA,NA,NA,NA,NA,NA,NA,NA,NA,3,0,2,20,9,3,1,18,7,0,NA,415,16.61,25.94,285.02,11,00-0022942,9.08,104.4
2018,8,Aaron Rodgers,GB,16,372,597,4442,25,2,49,5241,2134,200,76,46,86,31,11,28,0.41,0.24,0.33,NA,NA,NA,NA,NA,NA,NA,NA,NA,NA,1,0,3,16,6,3,0,43,269,2,NA,414,21.85,25.88,312.58,6,00-0023459,3.06,30.5
2018,9,Tom Brady,NE,16,375,570,4355,29,11,21,4487,2121,205,93,37,62,49,12,19,0.53,0.32,0.31,NA,NA,NA,NA,NA,NA,NA,NA,NA,NA,4,1,0,18,8,3,0,23,35,2,NA,380,14.43,23.75,280.3,14,00-0019596,5.04,52.1
2018,10,Deshaun Watson,HOU,16,345,505,4165,26,9,62,4320,1753,202,94,50,58,43,16,24,0.46,0.32,0.41,NA,NA,NA,NA,NA,NA,NA,NA,NA,NA,2,3,0,19,6,1,0,99,551,5,9,375,19.72,23.44,331.7,4,00-0033537,4.06,42.4
2018,11,Russell Wilson,SEA,16,280,427,3448,35,7,51,3833,1385,156,71,52,71,36,24,30,0.51,0.46,0.42,NA,NA,NA,NA,NA,NA,NA,NA,NA,NA,1,0,0,23,9,3,2,67,376,0,NA,373,16.7,23.31,298.42,9,00-0029263,5.1,57.9
2018,12,Kirk Cousins,MIN,16,425,606,4298,30,10,40,4396,1947,218,79,41,62,48,20,20,0.61,0.49,0.32,NA,NA,NA,NA,NA,NA,NA,NA,NA,NA,2,1,2,20,9,1,3,44,123,1,NA,364,23.31,22.75,282.12,13,00-0029604,7.1,82.1
2018,13,Dak Prescott,DAL,16,356,526,3885,22,8,56,3973,1892,184,78,34,54,36,8,19,0.46,0.24,0.35,NA,NA,NA,NA,NA,NA,NA,NA,NA,NA,0,1,1,12,7,3,0,75,305,6,NA,356,21.03,22.25,285.9,10,00-0033077,13.08,151.7
2018,14,Mitchell Trubisky,CHI,14,289,434,3223,24,12,24,3859,1404,151,67,32,67,41,10,22,0.61,0.31,0.33,NA,NA,NA,NA,NA,NA,NA,NA,NA,NA,2,2,0,17,6,1,0,68,421,3,2,312,27.49,22.29,263.02,15,00-0033869,NA,NA
2018,15,Cam Newton,CAR,14,320,471,3395,24,13,29,3380,1743,180,61,30,39,39,15,9,0.64,0.5,0.23,NA,NA,NA,NA,NA,NA,NA,NA,NA,NA,2,1,0,18,5,1,1,101,488,4,5,281,16.39,20.07,282.6,12,00-0027939,6.07,67.3
2018,16,Ryan Fitzpatrick,TB,8,164,246,2366,17,12,14,2546,874,113,42,21,37,15,8,18,0.36,0.38,0.49,NA,NA,NA,NA,NA,NA,NA,NA,NA,NA,0,0,4,9,3,5,2,36,152,2,NA,268,40.15,33.5,165.84,28,00-0023682,NA,NA
2018,17,Baker Mayfield,CLE,14,310,486,3725,27,14,25,4515,1696,171,59,37,73,38,16,28,0.64,0.43,0.38,NA,NA,NA,NA,NA,NA,NA,NA,NA,NA,1,2,0,20,6,1,2,39,131,0,NA,256,14.51,18.29,240.1,16,00-0034855,NA,NA
2018,18,Carson Wentz,PHI,11,279,401,3074,21,7,31,3120,1397,159,62,27,45,34,13,16,0.55,0.48,0.36,NA,NA,NA,NA,NA,NA,NA,NA,NA,NA,4,1,0,18,2,1,0,34,93,0,3,253,16.25,23,192.66,23,00-0032950,7.09,81.4
2018,19,Eli Manning,NYG,16,380,576,4299,21,11,47,4229,2162,206,90,46,68,41,13,26,0.46,0.28,0.38,NA,NA,NA,NA,NA,NA,NA,NA,NA,NA,4,1,0,18,3,0,1,15,20,1,NA,229,15.58,14.31,239.96,17,00-0022803,13.12,156.1
2018,20,Case Keenum,DEN,16,365,586,3890,18,15,34,4369,1795,179,72,37,68,36,10,25,0.5,0.27,0.37,NA,NA,NA,NA,NA,NA,NA,NA,NA,NA,2,1,0,10,7,1,0,26,93,2,NA,205,12.78,12.81,212.9,19,00-0028986,14.08,164.4
2018,21,Jameis Winston,TB,11,244,378,2992,19,14,27,4086,895,152,53,33,42,30,12,11,0.57,0.36,0.26,NA,NA,NA,NA,NA,NA,NA,NA,NA,NA,3,2,0,15,3,1,1,49,281,1,0,205,20.01,18.64,195.78,22,00-0031503,13.11,154.8
2018,22,Derek Carr,LV,16,381,553,4049,19,10,51,3778,1994,197,67,33,56,40,13,26,0.6,0.39,0.46,NA,NA,NA,NA,NA,NA,NA,NA,NA,NA,3,0,1,14,5,0,2,24,47,1,NA,203,22.53,12.69,215.76,18,00-0031280,12.05,137.1
2018,23,Matthew Stafford,DET,16,367,555,3777,21,11,40,3836,2030,198,77,42,53,35,14,19,0.45,0.33,0.36,NA,NA,NA,NA,NA,NA,NA,NA,NA,NA,3,0,0,14,7,0,2,25,71,0,NA,190,19.05,11.88,210.18,20,00-0026498,8.12,95.9
2018,24,Andy Dalton,CIN,11,226,365,2566,21,11,21,2947,1142,132,49,32,34,31,16,13,0.63,0.5,0.38,NA,NA,NA,NA,NA,NA,NA,NA,NA,NA,1,1,0,16,5,0,1,16,99,0,NA,190,16.49,17.27,172.54,26,00-0027973,14.04,160.4
2018,25,Josh Allen,BUF,12,169,320,2074,10,12,28,3504,948,89,30,19,65,12,3,16,0.4,0.16,0.25,NA,NA,NA,NA,NA,NA,NA,NA,NA,NA,0,0,0,4,5,1,1,89,631,8,5,188,18.19,15.67,208.06,21,00-0034857,NA,NA
2017,1,Russell Wilson,SEA,16,339,553,3983,34,11,43,5401,1609,183,75,53,88,41,23,32,0.55,0.43,0.36,3.06,6.83,9.78,-2.95,15.8,43.15,0.33,95.36,61.62,52.53,1,1,1,22,10,2,0,95,586,3,3,446,18.61,27.88,347.92,1,00-0029263,6.03,63.5
2017,2,Alex Smith,KC,15,341,505,4042,26,5,35,3881,1960,184,76,32,65,33,10,32,0.43,0.31,0.49,2.66,5.68,7.33,-1.65,12.65,43.29,-1.56,105.59,67.67,48.35,3,2,0,13,5,8,0,60,355,1,1,410,26.52,27.33,295.18,4,00-0023436,14.05,160.7
2017,3,Carson Wentz,PHI,13,265,440,3296,33,7,28,4360,1231,160,60,36,63,38,17,22,0.63,0.47,0.35,2.69,7.61,9.81,-2.2,25.66,40.55,0.68,101.87,60.23,52.85,4,0,0,23,5,5,1,64,299,0,2,407,15.67,31.31,281.74,5,00-0032950,12.01,132.7
2017,4,Philip Rivers,LAC,16,360,575,4515,28,10,18,4745,2144,216,72,42,69,36,13,26,0.5,0.31,0.38,2.6,6.37,8.24,-1.87,16.96,40.66,-0.83,96.43,62.69,49.47,4,1,1,15,9,4,0,18,-2,0,NA,395,21.48,24.69,270.4,8,00-0022942,9.06,101.8
2017,5,Tom Brady,NE,16,385,581,4577,32,8,35,5308,1910,230,96,41,80,56,17,32,0.58,0.41,0.4,2.71,6.71,8.96,-2.25,17.2,42.23,0.12,102.59,66.45,49.59,4,1,1,26,4,2,1,25,28,0,NA,391,24.49,24.44,295.88,3,00-0019596,3.03,27.4
2017,6,Jared Goff,LA,15,296,477,3804,28,7,25,3770,2000,176,84,30,52,46,11,19,0.55,0.37,0.37,2.94,5.83,8.01,-2.18,13.77,38.18,-0.77,101.69,62.57,48.99,3,2,0,23,0,5,0,28,51,1,NA,365,22.43,24.33,255.26,12,00-0033106,NA,NA
2017,7,Matthew Stafford,DET,16,371,565,4446,29,10,47,4543,2103,209,82,35,65,39,13,31,0.48,0.37,0.48,2.65,5.95,8.13,-2.18,19.19,43.42,-1.14,101.82,66.59,49.79,2,2,1,15,12,2,3,29,98,0,NA,356,14.96,22.25,273.64,7,00-0026498,10.06,113.6
2017,8,Kirk Cousins,WAS,16,347,540,4093,27,13,41,4153,2140,191,72,41,59,36,14,21,0.5,0.34,0.36,2.7,5.76,7.89,-2.13,16.46,38.01,-0.93,95.41,64.44,47.28,4,1,0,16,10,1,2,49,179,4,4,335,19.6,20.94,277.62,6,00-0029604,7.12,84.3
2017,9,Ben Roethlisberger,PIT,15,360,561,4251,28,14,21,5001,2089,207,92,53,81,47,14,23,0.51,0.26,0.28,2.59,5.96,9.33,-3.37,19.39,44.32,0.56,95.38,64.01,51.84,2,1,1,20,6,2,2,28,47,0,0,296,22.86,19.73,260.74,10,00-0022924,9.03,99.3
2017,10,Josh McCown,NYJ,13,267,397,2926,18,9,39,3036,1256,133,42,30,43,23,12,19,0.55,0.4,0.44,2.54,5.89,7.54,-1.65,17.96,44.25,-1.39,99.15,68.41,46.2,2,1,0,7,9,2,0,37,124,5,NA,290,18.33,22.31,205.44,20,00-0021206,NA,NA
2017,11,Drew Brees,NO,16,386,536,4334,23,8,20,3417,2369,201,84,24,60,56,11,32,0.67,0.46,0.53,2.58,4.76,6.21,-1.44,16.5,40.65,-2.56,105.06,72.69,45.36,1,2,0,16,6,1,1,33,12,2,NA,275,11.25,17.19,262.56,9,00-0020531,4.02,37.7
2017,12,Derek Carr,LV,15,323,515,3496,22,13,20,4244,1603,165,47,37,69,24,8,20,0.51,0.22,0.29,2.47,5.36,7.81,-2.45,17.94,40.25,-1.31,88.49,63.56,48.96,2,0,1,12,7,3,0,23,66,0,NA,271,15.25,18.07,204.44,21,00-0031280,6.09,69.4
2017,13,Case Keenum,MIN,15,325,481,3547,22,7,22,3641,1830,179,54,29,55,33,16,19,0.61,0.55,0.35,2.78,5.3,7.5,-2.2,15.45,37.11,-1.5,99.36,68.54,47.98,1,1,0,16,3,3,0,40,160,1,NA,268,16.18,17.87,237.88,14,00-0028986,NA,NA
2017,14,Cam Newton,CAR,16,291,492,3302,22,16,35,4150,1617,166,65,34,55,30,10,18,0.46,0.29,0.33,2.73,5.66,8.29,-2.63,20.71,37.24,-0.73,81.61,59.28,48.21,1,1,0,13,9,0,1,139,754,6,5,263,22.65,16.44,299.48,2,00-0027939,7.09,81.4
2017,15,Jameis Winston,TB,13,282,442,3504,19,11,33,4693,1257,180,48,40,63,22,13,18,0.46,0.32,0.29,2.75,7.7,10.46,-2.76,20.17,39.51,1.41,95.7,65.12,50.54,3,3,0,12,6,1,0,33,135,1,NA,263,18.12,20.23,201.66,22,00-0031503,7.04,76.4
2017,16,Dak Prescott,DAL,16,308,490,3324,22,13,32,3942,1358,162,69,36,41,33,10,15,0.48,0.28,0.37,2.85,6.41,8.5,-2.09,19.07,38.42,-0.15,88.89,63.16,46.65,1,0,0,14,5,3,4,57,357,6,NA,240,25.69,15,260.66,11,00-0033077,9.12,108.2
2017,17,Deshaun Watson,HOU,7,126,204,1699,19,8,19,2242,677,84,26,19,41,15,12,15,NA,0.63,0.37,3.08,8.09,11.06,-2.97,16.75,43.14,1.67,97.42,61.21,52.62,1,0,1,12,5,2,2,36,269,2,2,236,22.4,33.71,168.86,26,00-0033537,14.05,161.1
2017,18,Andy Dalton,CIN,16,297,496,3320,25,12,39,4064,1704,162,63,39,56,30,16,12,0.48,0.41,0.21,2.51,5.23,8.16,-2.93,16.44,35.33,-0.75,86.53,59.87,47.55,1,0,0,18,4,3,1,38,99,0,NA,235,20.2,14.69,210.7,17,00-0027973,11.05,125.1
2017,19,Blake Bortles,JAX,16,315,523,3687,21,13,24,4021,1911,192,63,29,57,32,13,15,0.51,0.45,0.26,2.75,5.41,7.59,-2.18,19.63,34.1,-1.06,88.43,60.49,43.95,3,1,0,18,2,1,1,57,322,2,NA,229,15.83,14.31,249.68,13,00-0031407,NA,NA
2017,20,Eli Manning,NYG,15,352,571,3468,19,13,31,4171,1619,170,50,28,60,28,12,13,0.56,0.43,0.22,2.52,4.97,7.17,-2.19,19.05,36.29,-1.2,79.1,60.49,45.74,0,1,1,14,2,3,0,12,26,1,NA,220,21.67,14.67,187.32,23,00-0022803,11.09,128.9
2017,21,Matt Ryan,ATL,16,342,529,4095,20,12,24,4719,1861,199,78,42,67,36,11,19,0.46,0.26,0.28,2.73,6.41,8.77,-2.36,18.81,38.12,-0.04,92.5,64.78,50.28,4,0,0,15,4,1,1,32,143,0,NA,195,11.25,12.19,228.1,15,00-0026143,5.07,54.6
2017,22,Marcus Mariota,TEN,15,281,453,3232,13,15,27,4043,1254,147,53,26,50,24,5,15,0.45,0.19,0.3,2.68,6.48,8.69,-2.21,14.27,37.27,-0.52,82.61,62.29,46.3,2,0,0,6,3,4,1,60,312,5,1,180,12.22,12,210.48,18,00-0032268,7.04,76.4
2017,23,Jacoby Brissett,IND,16,276,469,3098,13,7,52,3513,1574,143,53,24,43,15,2,14,0.28,0.08,0.33,2.9,5.18,7.57,-2.39,15.06,37.22,-1.39,82.6,58.81,48.07,2,0,0,6,3,4,2,63,260,4,NA,180,15.76,11.25,205.92,19,00-0033119,NA,NA
2017,24,Tyrod Taylor,BUF,15,263,420,2799,14,4,46,3599,1231,134,60,34,59,30,12,17,0.5,0.35,0.29,3.02,5.37,8.39,-3.02,15.36,36.62,-0.97,87.21,62.2,47.6,0,0,0,11,3,0,0,84,427,4,5,175,11.13,11.67,222.66,16,00-0028118,13.07,150.9
2017,25,Aaron Rodgers,GB,7,154,238,1675,16,6,22,1643,870,85,37,20,20,23,11,10,0.62,0.55,NA,2.62,5.28,7.16,-1.87,15.49,42.07,-1.11,100.37,65.31,47.76,3,0,0,12,4,0,1,24,126,0,NA,165,12.49,23.57,129.6,29,00-0023459,2.08,19.8
2016,1,Aaron Rodgers,GB,16,401,610,4428,40,7,35,5287,2030,222,119,57,75,73,27,25,0.61,0.47,0.33,2.89,6.46,9.42,-2.96,16.48,43.95,0.98,105.9,65.99,52.46,4,2,0,31,8,1,0,67,369,4,2,541,17.87,33.81,380.02,1,00-0023459,3.08,32.3
2016,2,Drew Brees,NO,16,471,673,5208,37,15,27,4795,2410,264,119,36,70,77,17,35,0.65,0.47,0.5,2.43,6.32,7.62,-1.3,17.57,41.69,-0.84,101.92,70.15,46.72,4,4,2,28,5,4,2,23,20,2,NA,500,29.18,31.25,332.32,3,00-0020531,5.09,57.2
2016,3,Matt Ryan,ATL,16,373,534,4944,38,7,37,4619,2262,238,102,41,67,63,16,35,0.62,0.39,0.52,2.65,7.25,9,-1.74,21.04,44.17,-0.1,116.83,69.68,49.85,4,1,1,23,12,3,2,35,117,0,NA,491,19.84,30.69,347.46,2,00-0026143,NA,NA
2016,4,Tom Brady,NE,12,291,432,3554,28,2,15,3353,1744,163,67,30,50,45,13,21,0.67,0.43,0.42,2.59,6.53,8.27,-1.73,17.53,39.66,-0.38,113.03,67.56,47.71,2,1,2,20,3,5,0,28,64,0,NA,423,23.23,35.25,258.56,15,00-0019596,6.06,66
2016,5,Andrew Luck,IND,15,346,545,4240,31,13,41,4471,1701,206,75,35,69,45,19,34,0.6,0.54,0.49,2.87,7.58,8.84,-1.26,18.17,44.15,-0,97.13,63.9,48.7,3,2,0,20,8,3,1,64,341,2,NA,396,18.37,26.4,307.7,4,00-0029668,5.07,54.8
2016,6,Kirk Cousins,WAS,16,406,606,4917,25,12,23,5268,1969,225,90,51,79,40,12,38,0.44,0.24,0.48,2.81,7.87,9.52,-1.65,14.27,46.45,0.83,99.08,66.82,53.4,3,2,2,14,7,4,2,34,96,4,NA,390,20.73,24.38,298.28,5,00-0029604,10.02,110.4
2016,7,Ben Roethlisberger,PIT,14,328,509,3819,29,13,17,4412,1741,184,65,54,85,34,22,35,0.52,0.41,0.41,2.6,6.71,9.64,-2.93,15.13,45.68,1.03,95.19,64.76,53.96,2,1,1,13,15,1,0,16,14,1,NA,389,26.89,27.79,252.16,18,00-0022924,6.04,64.4
2016,8,Derek Carr,LV,15,357,560,3937,28,6,16,4343,1790,189,95,59,54,45,17,26,0.47,0.29,0.48,2.49,5.99,8.41,-2.42,19.42,41.42,-0.6,96.1,63.65,50.12,3,0,1,19,7,2,0,39,70,0,0,375,21.16,25,268.48,10,00-0031280,9.05,101.4
2016,9,Dak Prescott,DAL,16,311,459,3667,23,4,25,3743,1546,182,60,35,40,33,12,15,0.55,0.34,0.38,2.88,7.35,8.82,-1.47,20.69,39.08,-0.31,108.48,69.28,45.15,2,0,0,14,7,2,0,57,282,6,NA,345,15.13,21.56,286.88,6,00-0033077,12.06,137.7
2016,10,Philip Rivers,LAC,16,349,578,4386,33,21,36,4856,2020,214,107,52,63,48,19,21,0.45,0.37,0.33,2.65,6.77,8.83,-2.07,18.68,43.14,0.01,90.15,61.4,49.56,4,2,0,22,8,3,3,14,35,0,NA,320,17.13,20,258.94,14,00-0022942,8.11,95.4
2016,11,Eli Manning,NYG,16,377,598,4027,26,16,21,4702,2011,190,69,39,72,37,15,22,0.54,0.38,0.31,2.52,5.44,8.21,-2.77,20.12,37.77,-0.4,88.3,63.04,48.99,0,3,1,17,6,3,1,21,-9,0,NA,295,19.38,18.44,224.18,21,00-0022803,8.06,90.3
2016,12,Carson Palmer,ARI,15,364,597,4233,26,14,40,5635,1669,218,88,51,70,42,16,19,0.48,0.31,0.27,2.49,7.49,10.19,-2.7,19.71,39.81,1.01,88.93,60.91,52.38,4,2,0,19,5,2,1,14,38,0,NA,293,18.98,19.53,243.12,19,00-0021429,7.05,77.4
2016,13,Matthew Stafford,DET,16,388,594,4327,24,10,37,4421,2227,217,91,36,60,53,13,23,0.58,0.36,0.38,2.55,5.77,7.82,-2.05,20.65,42.48,-0.94,94.08,65.7,51.44,3,1,0,17,5,2,1,37,207,2,NA,288,19.65,18,279.78,7,00-0026498,11.04,123.6
2016,14,Jameis Winston,TB,16,345,567,4090,28,18,35,5776,1367,214,75,55,66,35,22,17,0.47,0.4,0.26,2.9,8.15,10.78,-2.63,22.19,39.35,1.44,87.84,61.4,50.79,2,0,1,19,9,0,1,53,165,1,NA,284,18.98,17.75,256.1,16,00-0031503,10.09,117.1
2016,15,Tyrod Taylor,BUF,15,269,436,3023,17,6,42,4095,1138,147,59,38,62,32,9,19,0.54,0.24,0.31,3.1,7.34,9.75,-2.41,15.03,40.77,0.6,90.42,61.77,50.83,1,0,0,11,3,3,0,95,580,6,8,281,14.71,18.73,270.92,8,00-0028118,9.12,107.7
2016,16,Andy Dalton,CIN,16,364,563,4206,18,8,41,4416,1820,204,77,38,65,38,12,30,0.49,0.32,0.46,2.52,6.72,8.58,-1.86,17.51,40.24,-0.37,93.7,65.38,48.82,2,2,0,13,3,2,0,46,184,4,NA,265,11.65,16.56,260.64,12,00-0027973,11.09,128.8
2016,17,Marcus Mariota,TEN,15,276,451,3426,26,9,23,4344,1258,158,59,30,59,36,16,25,0.61,0.53,0.42,2.79,7.86,9.96,-2.1,18.85,40.84,0.88,96.09,60.57,48.36,1,0,0,18,8,0,2,60,349,2,1,260,18.41,17.33,259.94,13,00-0032268,11.1,130
2016,18,Joe Flacco,BAL,16,436,672,4317,20,15,33,4967,2071,204,77,36,63,45,11,13,0.58,0.31,0.21,2.56,5.29,7.77,-2.48,16.75,39.91,-1.24,83.85,64.71,50.67,3,1,0,14,2,4,0,21,58,2,NA,252,16.67,15.75,242.48,20,00-0026158,NA,NA
2016,19,Russell Wilson,SEA,16,353,546,4219,21,11,41,4714,1747,193,80,49,74,32,14,35,0.4,0.29,0.47,2.62,7.44,9.4,-1.96,18.14,44.45,0.07,95.32,64.97,50.71,2,1,0,15,5,1,0,72,259,1,2,248,22.55,15.5,268.06,11,00-0029263,4.11,47.4
2016,20,Blake Bortles,JAX,16,368,625,3905,23,16,34,5140,1843,206,72,37,70,42,15,15,0.58,0.41,0.21,2.6,5.66,8.77,-3.11,24.14,35.05,0.14,78.31,58.38,46.32,5,0,0,18,4,1,3,58,359,3,3,241,15.5,15.06,270.1,9,00-0031407,7.1,81.6
2016,21,Sam Bradford,MIN,15,395,552,3877,20,5,37,3508,1964,197,81,27,48,52,12,23,0.64,0.44,0.48,2.47,5.07,6.76,-1.68,19.96,39.28,-2.05,99.59,71.56,46.68,1,1,0,14,5,1,0,20,53,0,NA,235,15.34,15.67,218.88,23,00-0027854,NA,NA
2016,22,Cam Newton,CAR,15,270,510,3509,19,14,36,5253,1310,172,62,44,67,23,13,18,0.37,0.3,0.27,2.69,8.41,10.95,-2.54,24.39,44.09,1.72,75.68,52.61,57.45,2,1,0,11,5,3,3,90,359,5,8,221,19.38,14.73,254.26,17,00-0027939,3.04,27.7
2016,23,Colin Kaepernick,SF,11,196,331,2241,16,4,36,2662,1112,101,33,19,34,19,6,11,0.58,0.32,0.32,2.78,5.84,8.43,-2.59,13.08,34.18,-0.89,92.19,59.77,40.51,0,1,0,13,1,2,0,69,468,2,1,218,13.58,19.82,200.44,25,00-0027974,NA,NA
2016,24,Trevor Siemian,DEN,14,289,486,3401,18,10,31,4086,1411,155,71,32,51,35,9,15,0.49,0.28,0.29,2.7,7.08,9.15,-2.06,20.17,40.6,0.27,84.6,59.53,51.79,2,1,0,10,5,3,1,28,57,0,NA,208,23.72,14.86,191.74,26,00-0032156,NA,NA
2016,25,Alex Smith,KC,15,328,489,3502,15,8,28,3296,1855,181,71,20,44,34,4,16,0.48,0.2,0.36,2.39,5.06,7.24,-2.18,15.81,37.03,-1.49,92.92,67.66,46.79,0,1,0,11,3,1,1,48,134,5,3,206,11.86,13.73,223.78,22,00-0023436,NA,NA
2015,1,Cam Newton,CAR,16,296,495,3837,35,10,33,5114,1473,195,78,47,72,45,21,26,0.58,0.45,0.36,NA,NA,NA,NA,NA,NA,NA,NA,NA,NA,3,0,0,24,10,1,0,132,636,10,12,505,21.81,31.56,389.08,1,00-0027939,10.08,115.8
2015,2,Carson Palmer,ARI,16,342,537,4671,35,11,25,5765,1756,231,87,51,86,44,20,32,0.51,0.39,0.37,NA,NA,NA,NA,NA,NA,NA,NA,NA,NA,4,4,1,25,6,4,0,25,24,1,NA,500,16.98,31.25,309.24,5,00-0021429,11.1,129.9
2015,3,Tom Brady,NE,16,402,624,4770,36,7,38,4915,2414,228,92,32,72,55,14,24,0.6,0.44,0.33,NA,NA,NA,NA,NA,NA,NA,NA,NA,NA,3,3,1,27,6,3,2,34,53,3,NA,485,17.93,30.31,343.7,2,00-0019596,6.02,62.3
2015,4,Drew Brees,NO,15,428,627,4870,32,11,31,4908,2382,228,83,33,72,51,11,31,0.61,0.33,0.43,NA,NA,NA,NA,NA,NA,NA,NA,NA,NA,5,3,2,19,8,5,2,24,14,1,NA,480,28.08,32,304.2,6,00-0020531,5.03,50.8
2015,5,Eli Manning,NYG,16,387,618,4432,35,14,27,4668,2086,204,98,39,63,51,14,21,0.52,0.36,0.33,NA,NA,NA,NA,NA,NA,NA,NA,NA,NA,3,2,1,20,8,7,2,20,61,0,NA,445,27.51,27.81,287.38,10,00-0022803,9.07,103.4
2015,6,Russell Wilson,SEA,16,329,483,4024,34,8,45,4122,1826,187,66,40,65,33,15,28,0.5,0.38,0.43,NA,NA,NA,NA,NA,NA,NA,NA,NA,NA,1,0,0,16,16,2,0,103,553,1,1,420,21.49,26.25,336.26,3,00-0029263,6.02,61.8
2015,7,Kirk Cousins,WAS,16,379,543,4166,29,11,26,4352,1875,204,85,41,60,51,13,22,0.6,0.32,0.37,NA,NA,NA,NA,NA,NA,NA,NA,NA,NA,6,1,0,22,3,4,1,26,48,5,NA,411,25.76,25.69,293.44,8,00-0029604,NA,NA
2015,8,Aaron Rodgers,GB,16,347,572,3821,31,8,46,4629,1952,173,100,57,69,47,17,22,0.47,0.3,0.32,NA,NA,NA,NA,NA,NA,NA,NA,NA,NA,2,1,0,20,8,3,0,58,344,1,2,402,19.38,25.12,301.24,7,00-0023459,2.09,21.4
2015,9,Derek Carr,LV,16,350,573,3987,32,13,31,4570,1785,183,56,49,64,26,20,26,0.46,0.41,0.41,NA,NA,NA,NA,NA,NA,NA,NA,NA,NA,5,1,0,17,12,3,3,33,138,0,NA,368,24.77,23,271.28,14,00-0031280,NA,NA
2015,10,Blake Bortles,JAX,16,355,606,4428,35,18,51,5560,1841,215,101,56,85,51,25,36,0.5,0.45,0.42,NA,NA,NA,NA,NA,NA,NA,NA,NA,NA,4,2,0,25,7,3,4,52,310,2,NA,358,24.68,22.38,314.12,4,00-0031407,NA,NA
2015,11,Andy Dalton,CIN,13,255,386,3250,25,7,20,3460,1486,147,62,35,53,34,16,24,0.55,0.46,0.45,NA,NA,NA,NA,NA,NA,NA,NA,NA,NA,3,1,0,19,4,2,0,57,142,3,NA,330,18.76,25.38,244.2,18,00-0027973,NA,NA
2015,12,Matthew Stafford,DET,16,398,592,4262,32,13,44,3820,2413,223,79,39,55,52,20,21,0.66,0.51,0.38,NA,NA,NA,NA,NA,NA,NA,NA,NA,NA,2,0,1,26,6,0,1,44,159,1,NA,325,21.33,20.31,289.78,9,00-0026498,8.04,87.8
2015,13,Philip Rivers,LAC,16,437,661,4792,29,13,40,4754,2618,226,77,42,62,46,17,17,0.6,0.4,0.27,NA,NA,NA,NA,NA,NA,NA,NA,NA,NA,4,2,2,22,5,2,5,17,28,0,NA,321,24.07,20.06,282.48,12,00-0022942,10.03,111.4
2015,14,Ryan Fitzpatrick,NYJ,16,335,562,3905,31,15,19,5173,1800,196,78,55,82,42,19,17,0.54,0.35,0.21,NA,NA,NA,NA,NA,NA,NA,NA,NA,NA,0,1,0,23,7,1,0,60,270,2,1,320,14.02,20,283.2,11,00-0023682,NA,NA
2015,15,Ben Roethlisberger,PIT,12,319,469,3938,21,16,20,4738,1463,174,66,43,75,37,15,29,0.56,0.35,0.39,NA,NA,NA,NA,NA,NA,NA,NA,NA,NA,2,5,1,15,3,3,0,15,29,0,NA,319,27.41,26.58,228.42,20,00-0022924,5.11,59.1
2015,16,Tyrod Taylor,BUF,14,242,380,3035,20,6,36,3997,1125,129,37,30,72,18,11,27,0.49,0.37,0.38,NA,NA,NA,NA,NA,NA,NA,NA,NA,NA,0,0,0,6,13,1,0,104,568,4,1,298,15.49,21.29,270.6,16,00-0028118,13.03,146.7
2015,17,Ryan Tannehill,MIA,16,363,586,4208,24,12,45,5146,1861,193,80,51,84,36,13,28,0.45,0.25,0.33,NA,NA,NA,NA,NA,NA,NA,NA,NA,NA,3,3,0,15,6,3,2,32,141,1,NA,298,18.68,18.62,257.32,17,00-0029701,8.08,91.6
2015,18,Jameis Winston,TB,16,312,535,4042,22,15,27,5340,1476,201,83,52,75,35,12,25,0.42,0.23,0.33,NA,NA,NA,NA,NA,NA,NA,NA,NA,NA,1,1,0,15,6,1,2,54,213,6,NA,248,14.94,15.5,272.98,13,00-0031503,NA,NA
2015,19,Marcus Mariota,TEN,12,230,370,2818,19,10,38,3431,1161,142,47,22,47,29,11,9,0.62,0.5,0.19,NA,NA,NA,NA,NA,NA,NA,NA,NA,NA,0,2,0,15,2,2,2,34,252,2,NA,244,27.54,20.33,210.02,22,00-0032268,14.01,156.7
2015,20,Alex Smith,KC,16,307,470,3486,20,7,45,3173,1920,154,68,19,40,39,8,14,0.57,0.42,0.35,NA,NA,NA,NA,NA,NA,NA,NA,NA,NA,0,1,0,14,5,1,1,84,498,2,1,231,12.83,14.44,271.24,15,00-0023436,NA,NA
2015,21,Sam Bradford,PHI,14,346,532,3725,19,14,28,3707,1938,164,56,28,53,27,8,19,0.48,0.29,0.36,NA,NA,NA,NA,NA,NA,NA,NA,NA,NA,3,2,0,10,6,3,1,26,39,0,NA,225,13.04,16.07,194.9,24,00-0027854,7.08,79.8
2015,22,Jay Cutler,CHI,15,311,483,3659,21,11,29,4044,1736,171,80,52,68,36,13,24,0.45,0.25,0.35,NA,NA,NA,NA,NA,NA,NA,NA,NA,NA,2,1,0,11,8,2,3,38,201,1,1,218,16.87,14.53,224.46,21,00-0024226,13.05,149.1
2015,23,Matt Ryan,ATL,16,407,614,4591,21,16,30,4741,1835,229,80,26,45,46,7,20,0.58,0.27,0.44,NA,NA,NA,NA,NA,NA,NA,NA,NA,NA,3,2,0,17,3,1,1,36,63,0,NA,203,13.74,12.69,229.94,19,00-0026143,7.03,75.4
2015,24,Joe Flacco,BAL,10,266,413,2791,14,12,16,3039,1487,123,56,23,48,31,6,15,0.55,0.26,0.31,NA,NA,NA,NA,NA,NA,NA,NA,NA,NA,3,2,0,10,3,1,1,13,23,3,NA,183,20.66,18.3,161.94,26,00-0026158,12.12,143.5
2015,25,Teddy Bridgewater,MIN,16,292,447,3231,14,9,44,3214,1799,153,55,37,48,20,8,13,0.36,0.22,0.27,NA,NA,NA,NA,NA,NA,NA,NA,NA,NA,2,0,0,9,5,0,0,44,192,3,1,178,17.48,11.12,200.44,23,00-0031237,11.02,121.8
2014,1,Aaron Rodgers,GB,16,341,520,4381,38,5,28,4204,2059,219,109,50,56,56,20,28,0.51,0.4,0.5,NA,NA,NA,NA,NA,NA,NA,NA,NA,NA,6,1,1,24,7,7,0,43,269,2,NA,588,24.8,36.75,354.14,1,00-0023459,2.06,18.5
2014,2,Andrew Luck,IND,16,380,616,4761,40,16,27,5476,2209,234,93,44,94,49,16,37,0.53,0.36,0.39,NA,NA,NA,NA,NA,NA,NA,NA,NA,NA,3,6,1,23,14,3,3,64,273,3,NA,560,24.97,35,351.74,2,00-0029668,4.11,47
2014,3,Ben Roethlisberger,PIT,16,408,608,4952,32,9,33,5198,2259,240,102,59,74,56,21,30,0.55,0.36,0.41,NA,NA,NA,NA,NA,NA,NA,NA,NA,NA,4,3,2,20,8,4,0,33,27,0,NA,499,28.2,31.19,306.78,5,00-0022924,11.05,125
2014,4,Peyton Manning,DEN,16,395,597,4727,39,15,17,5071,1882,225,111,55,70,71,23,31,0.64,0.42,0.44,NA,NA,NA,NA,NA,NA,NA,NA,NA,NA,4,1,2,25,12,2,1,24,-24,0,NA,491,23.73,30.69,312.68,4,00-0010346,1.06,6.3
2014,5,Tom Brady,NE,16,373,582,4109,33,9,21,4691,1862,220,84,38,64,44,21,16,0.52,0.55,0.25,NA,NA,NA,NA,NA,NA,NA,NA,NA,NA,3,2,0,25,6,2,1,36,57,0,NA,380,22.69,23.75,278.06,9,00-0019596,5.04,52.4
2014,6,Tony Romo,DAL,15,304,435,3705,34,9,29,3924,1626,189,56,33,55,33,18,23,0.59,0.55,0.42,NA,NA,NA,NA,NA,NA,NA,NA,NA,NA,1,0,0,19,12,3,1,26,61,0,NA,380,18.85,25.33,266.3,11,00-0021678,7.11,83
2014,7,Drew Brees,NO,16,456,659,4952,33,17,29,5072,2173,258,89,32,64,56,13,26,0.63,0.41,0.41,NA,NA,NA,NA,NA,NA,NA,NA,NA,NA,5,2,1,25,6,2,3,27,68,1,NA,365,18.97,22.81,302.98,6,00-0020531,2.02,13.9
2014,8,Eli Manning,NYG,16,379,601,4410,30,14,28,4953,1938,216,104,58,63,51,21,19,0.49,0.36,0.3,NA,NA,NA,NA,NA,NA,NA,NA,NA,NA,2,2,1,24,4,2,1,12,31,1,NA,340,22.02,21.25,269.5,10,00-0022803,NA,NA
2014,9,Joe Flacco,BAL,16,344,554,3986,27,12,19,4623,1751,194,89,50,55,41,20,19,0.46,0.4,0.35,NA,NA,NA,NA,NA,NA,NA,NA,NA,NA,5,0,0,18,6,3,0,39,70,2,NA,340,20.86,21.25,262.44,13,00-0026158,NA,NA
2014,10,Russell Wilson,SEA,16,285,452,3475,20,7,42,3700,1879,159,64,30,56,30,8,22,0.47,0.27,0.39,NA,NA,NA,NA,NA,NA,NA,NA,NA,NA,2,0,0,13,6,1,0,118,849,6,3,325,18.39,20.31,325.6,3,00-0029263,9.1,105.9
2014,11,Jay Cutler,CHI,15,370,561,3812,28,18,38,4106,2038,181,79,48,62,40,20,18,0.51,0.42,0.29,NA,NA,NA,NA,NA,NA,NA,NA,NA,NA,3,1,0,21,7,0,1,39,191,2,NA,297,16.9,19.8,255.58,14,00-0024226,7.01,73.3
2014,12,Philip Rivers,LAC,16,379,570,4286,31,18,36,4853,1925,213,76,56,75,42,20,29,0.55,0.36,0.39,NA,NA,NA,NA,NA,NA,NA,NA,NA,NA,1,3,0,21,10,0,2,37,102,0,NA,295,21.27,18.44,265.64,12,00-0022942,9.07,103.1
2014,13,Matt Ryan,ATL,16,415,628,4694,28,14,31,4853,2073,230,69,37,65,41,16,26,0.59,0.43,0.4,NA,NA,NA,NA,NA,NA,NA,NA,NA,NA,3,2,1,19,7,2,4,29,145,0,NA,293,23.46,18.31,282.26,7,00-0026143,6.03,62.6
2014,14,Matthew Stafford,DET,16,363,602,4257,22,12,45,4822,2206,209,88,32,64,44,10,18,0.5,0.31,0.28,NA,NA,NA,NA,NA,NA,NA,NA,NA,NA,3,1,0,15,3,4,0,43,93,2,NA,283,20.58,17.69,251.58,15,00-0026498,4.03,39.2
2014,15,Ryan Tannehill,MIA,16,392,590,4045,27,12,46,4498,1866,224,98,45,53,56,16,14,0.57,0.36,0.26,NA,NA,NA,NA,NA,NA,NA,NA,NA,NA,1,1,0,24,3,0,0,56,311,1,NA,260,13.72,16.25,278.5,8,00-0029701,NA,NA
2014,16,Colin Kaepernick,SF,16,289,478,3369,19,10,52,4621,1388,163,47,26,76,25,10,24,0.53,0.38,0.32,NA,NA,NA,NA,NA,NA,NA,NA,NA,NA,1,0,0,11,5,3,1,104,639,1,1,230,17.97,14.38,250.66,16,00-0027974,9.01,96.5
2014,17,Cam Newton,CAR,14,262,448,3127,18,12,38,4421,1246,155,43,33,64,19,12,19,0.44,0.36,0.3,NA,NA,NA,NA,NA,NA,NA,NA,NA,NA,1,0,0,10,8,0,1,103,539,5,5,228,12.8,16.29,248.98,17,00-0027939,8.03,87.5
2014,18,Andy Dalton,CIN,16,309,481,3398,19,17,21,3751,1737,158,58,27,54,28,5,16,0.48,0.19,0.3,NA,NA,NA,NA,NA,NA,NA,NA,NA,NA,3,0,0,12,4,3,2,60,169,4,4,213,18.26,13.31,224.62,18,00-0027973,11.01,121.3
2014,19,Ryan Fitzpatrick,HOU,12,197,312,2483,17,8,21,2646,1076,119,41,16,33,23,8,17,0.56,0.5,0.52,NA,NA,NA,NA,NA,NA,NA,NA,NA,NA,0,1,0,11,3,3,0,50,184,2,NA,210,24.36,17.5,177.72,22,00-0023682,NA,NA
2014,20,Kyle Orton,BUF,12,287,447,3018,18,10,33,3170,1541,147,58,27,51,27,12,16,0.47,0.44,0.31,NA,NA,NA,NA,NA,NA,NA,NA,NA,NA,2,1,0,11,6,1,1,15,14,1,NA,203,18.38,16.92,176.12,23,00-0023541,NA,NA
2014,21,Alex Smith,KC,15,303,464,3265,18,6,45,2702,1818,175,68,13,24,38,2,7,0.56,0.15,NA,NA,NA,NA,NA,NA,NA,NA,NA,NA,NA,1,0,0,13,4,1,0,49,254,1,NA,200,13.32,13.33,220,19,00-0023436,NA,NA
2014,22,Teddy Bridgewater,MIN,13,259,402,2919,15,12,39,3139,1442,137,31,18,46,19,6,15,0.61,0.33,0.33,NA,NA,NA,NA,NA,NA,NA,NA,NA,NA,3,0,0,8,5,2,0,47,209,1,2,186,17.86,14.31,183.66,21,00-0031237,NA,NA
2014,23,Nick Foles,PHI,8,186,311,2163,13,10,9,2999,980,101,39,27,54,17,8,16,0.44,0.3,0.3,NA,NA,NA,NA,NA,NA,NA,NA,NA,NA,3,0,1,5,5,3,1,16,68,0,NA,175,21.54,21.88,119.32,29,00-0029567,6.06,65.6
2014,24,Derek Carr,LV,16,348,599,3270,21,12,24,4664,1462,163,54,29,66,32,15,16,0.59,0.52,0.24,NA,NA,NA,NA,NA,NA,NA,NA,NA,NA,1,0,0,18,2,1,1,29,92,0,NA,165,15.54,10.31,192,20,00-0031280,NA,NA
2014,25,Mark Sanchez,PHI,9,198,309,2418,14,11,23,2582,1124,117,50,23,31,23,7,12,0.46,0.3,0.39,NA,NA,NA,NA,NA,NA,NA,NA,NA,NA,3,1,0,10,4,0,1,34,87,1,NA,145,12.69,16.11,139.42,27,00-0026898,NA,NA
2013,1,Peyton Manning,DEN,16,450,659,5477,55,10,18,5169,2581,289,120,57,78,83,26,34,0.69,0.46,0.44,NA,NA,NA,NA,NA,NA,NA,NA,NA,NA,4,4,4,37,15,3,2,32,-31,1,NA,785,30.45,49.06,409.98,1,00-0010346,3.08,32.4
2013,2,Drew Brees,NO,16,446,650,5162,39,12,37,5181,2435,244,97,40,80,56,13,29,0.58,0.32,0.36,NA,NA,NA,NA,NA,NA,NA,NA,NA,NA,5,5,1,22,12,5,1,35,52,3,NA,605,27.45,37.81,357.68,2,00-0020531,2.07,19.1
2013,3,Nick Foles,PHI,13,203,317,2891,27,2,28,2962,1385,129,46,28,51,26,16,21,0.57,0.57,0.41,NA,NA,NA,NA,NA,NA,NA,NA,NA,NA,0,0,2,16,9,2,0,57,221,3,NA,411,31.32,31.62,259.74,11,00-0029567,NA,NA
2013,4,Philip Rivers,LAC,16,378,544,4478,32,11,30,4218,2066,230,96,42,59,60,14,25,0.62,0.33,0.42,NA,NA,NA,NA,NA,NA,NA,NA,NA,NA,1,1,3,22,8,2,2,28,72,0,NA,395,18.21,24.69,288.32,5,00-0022942,14.04,159.7
2013,5,Tony Romo,DAL,15,342,535,3828,31,10,35,4248,1778,194,73,45,50,40,20,17,0.55,0.44,0.34,NA,NA,NA,NA,NA,NA,NA,NA,NA,NA,2,1,1,21,7,3,0,20,38,0,NA,388,20.14,25.87,260.92,10,00-0021678,7.08,79.7
2013,6,Ben Roethlisberger,PIT,16,375,584,4261,28,14,42,4928,2042,205,111,46,80,55,17,27,0.5,0.37,0.34,NA,NA,NA,NA,NA,NA,NA,NA,NA,NA,1,2,2,18,9,1,1,27,99,1,NA,355,21.75,22.19,258.34,12,00-0022924,11.12,132
2013,7,Andy Dalton,CIN,16,363,586,4293,33,20,29,5001,2077,204,74,50,80,43,21,26,0.58,0.42,0.32,NA,NA,NA,NA,NA,NA,NA,NA,NA,NA,3,2,0,21,9,3,2,61,183,2,NA,355,23.8,22.19,288.02,6,00-0027973,10.12,119.6
2013,8,Andrew Luck,IND,16,343,570,3822,23,9,32,4662,1896,185,82,40,62,40,8,17,0.49,0.2,0.27,NA,NA,NA,NA,NA,NA,NA,NA,NA,NA,2,1,0,14,6,3,1,63,377,4,NA,332,20.81,20.75,292.58,4,00-0029668,6.11,71.4
2013,9,Matthew Stafford,DET,16,371,634,4650,29,19,23,5241,2270,221,86,53,69,42,19,22,0.49,0.36,0.32,NA,NA,NA,NA,NA,NA,NA,NA,NA,NA,1,4,1,21,4,4,3,37,69,2,NA,331,21.75,20.69,278.9,7,00-0026498,6.07,66.7
2013,10,Tom Brady,NE,16,380,628,4343,25,11,40,5304,2014,225,89,46,74,43,13,21,0.48,0.28,0.28,NA,NA,NA,NA,NA,NA,NA,NA,NA,NA,2,2,2,20,4,1,1,32,18,0,NA,316,23.52,19.75,251.52,13,00-0019596,4.07,42.5
2013,11,Russell Wilson,SEA,16,257,407,3357,26,9,44,3878,1442,153,63,31,67,27,15,28,0.43,0.48,0.42,NA,NA,NA,NA,NA,NA,NA,NA,NA,NA,2,0,0,18,7,1,0,96,539,1,2,305,14.4,19.06,270.18,8,00-0029263,8.01,85.5
2013,12,Colin Kaepernick,SF,16,243,416,3197,21,8,39,3950,1326,147,61,26,56,31,13,20,0.51,0.5,0.36,NA,NA,NA,NA,NA,NA,NA,NA,NA,NA,1,0,1,15,3,3,0,92,524,4,1,300,18.39,18.75,262.28,9,00-0027974,6.01,60.9
2013,13,Cam Newton,CAR,16,292,473,3379,24,13,43,4238,1613,169,66,37,60,31,15,12,0.47,0.41,0.2,NA,NA,NA,NA,NA,NA,NA,NA,NA,NA,1,0,0,17,5,2,0,111,585,6,3,290,15.8,18.12,297.66,3,00-0027939,5.02,50
2013,14,Carson Palmer,ARI,16,362,572,4274,24,22,41,5266,1756,204,72,47,71,39,13,22,0.54,0.28,0.31,NA,NA,NA,NA,NA,NA,NA,NA,NA,NA,3,0,2,15,7,2,1,27,3,0,NA,250,20.16,15.62,217.26,17,00-0021429,11.07,126.5
2013,15,Matt Ryan,ATL,16,439,651,4515,26,17,44,4439,2117,225,102,38,44,54,11,14,0.53,0.29,0.32,NA,NA,NA,NA,NA,NA,NA,NA,NA,NA,5,1,1,19,5,2,4,17,55,0,NA,250,17.5,15.62,248.1,15,00-0026143,5.06,54.5
2013,16,Alex Smith,KC,15,308,508,3313,23,7,39,3362,1756,165,81,25,42,48,8,11,0.59,0.32,0.26,NA,NA,NA,NA,NA,NA,NA,NA,NA,NA,0,0,0,16,6,1,0,76,431,1,4,245,19.22,16.33,251.22,14,00-0023436,13.12,156.3
2013,17,Aaron Rodgers,GB,9,193,290,2536,17,6,21,2364,1251,108,60,26,39,33,7,20,0.55,0.27,0.51,NA,NA,NA,NA,NA,NA,NA,NA,NA,NA,3,0,1,11,3,3,0,30,120,0,2,240,20.92,26.67,169.44,22,00-0023459,3.01,24.7
2013,18,Ryan Tannehill,MIA,16,355,588,3913,24,17,58,5573,1522,204,68,23,67,41,9,15,0.6,0.39,0.22,NA,NA,NA,NA,NA,NA,NA,NA,NA,NA,5,0,0,18,5,1,2,40,238,1,NA,220,13.35,13.75,238.32,16,00-0029701,NA,NA
2013,19,Josh McCown,CHI,8,149,224,1829,13,1,11,1769,835,90,32,22,20,15,8,9,0.47,0.36,NA,NA,NA,NA,NA,NA,NA,NA,NA,NA,NA,1,2,0,9,3,1,0,13,69,1,NA,203,23.29,25.38,136.06,28,00-0021206,NA,NA
2013,20,Mike Glennon,TB,13,247,416,2608,19,9,40,3624,917,126,56,31,46,24,15,18,0.43,0.48,0.39,NA,NA,NA,NA,NA,NA,NA,NA,NA,NA,0,0,0,12,5,2,0,27,37,0,NA,190,11.63,14.62,158.02,26,00-0030520,NA,NA
2013,21,Ryan Fitzpatrick,TEN,11,217,350,2454,14,12,21,3011,1094,116,47,18,45,25,7,14,0.53,0.39,0.31,NA,NA,NA,NA,NA,NA,NA,NA,NA,NA,1,0,1,8,4,2,1,43,225,3,4,170,17.24,15.45,166.66,24,00-0023682,NA,NA
2013,22,Robert Griffin III,WAS,13,274,456,3203,16,12,38,3949,1524,157,61,26,51,29,10,12,0.48,0.38,0.24,NA,NA,NA,NA,NA,NA,NA,NA,NA,NA,3,0,0,12,3,1,1,86,489,0,0,146,17.09,11.23,213.02,18,00-0029665,7.03,74.8
2013,23,Jay Cutler,CHI,11,224,355,2621,19,12,19,3261,928,125,54,39,54,29,14,22,0.54,0.36,0.41,NA,NA,NA,NA,NA,NA,NA,NA,NA,NA,1,1,0,16,3,0,3,23,118,0,NA,134,15.03,12.18,168.64,23,00-0024226,11.06,125.8
2013,24,Matt Cassel,MIN,9,153,254,1807,11,9,16,2145,792,80,33,20,38,13,6,16,0.39,0.3,0.42,NA,NA,NA,NA,NA,NA,NA,NA,NA,NA,0,1,0,5,3,3,1,18,57,1,NA,120,19.69,13.33,107.98,32,00-0023662,NA,NA
2013,25,EJ Manuel,BUF,10,180,306,1972,11,9,28,2506,910,86,27,18,36,12,5,9,NA,0.28,0.25,NA,NA,NA,NA,NA,NA,NA,NA,NA,NA,0,0,0,6,5,0,0,53,186,2,1,116,15.06,11.6,133.48,29,00-0030526,14.02,157.6
2012,1,Aaron Rodgers,GB,16,371,552,4295,39,8,51,4467,2044,211,81,40,66,47,22,23,0.58,0.55,0.35,NA,NA,NA,NA,NA,NA,NA,NA,NA,NA,5,1,0,24,13,2,0,54,259,2,NA,528,22.38,33,343.6,3,00-0023459,1.02,2.1
2012,2,Tom Brady,NE,16,401,637,4827,35,8,27,5508,2218,255,91,44,83,52,14,26,0.57,0.32,0.31,NA,NA,NA,NA,NA,NA,NA,NA,NA,NA,6,1,1,25,7,3,0,23,32,4,NA,515,20,32.19,344.28,2,00-0019596,1.05,4.6
2012,3,Drew Brees,NO,16,422,670,5177,43,19,26,5468,2158,266,104,32,77,66,16,34,0.63,0.5,0.44,NA,NA,NA,NA,NA,NA,NA,NA,NA,NA,4,4,2,31,11,1,3,15,5,1,NA,515,25.49,32.19,345.58,1,00-0020531,1.07,7.3
2012,4,Peyton Manning,DEN,16,400,583,4659,37,11,21,4841,1872,230,91,54,73,52,24,34,0.57,0.44,0.47,NA,NA,NA,NA,NA,NA,NA,NA,NA,NA,9,0,0,27,8,2,2,23,6,0,NA,438,12.97,27.38,310.96,6,00-0010346,5.05,52.8
2012,5,Matt Ryan,ATL,16,422,615,4719,32,14,28,5004,2061,246,97,47,62,59,19,24,0.61,0.4,0.39,NA,NA,NA,NA,NA,NA,NA,NA,NA,NA,4,2,1,25,4,3,1,34,141,1,NA,390,20.24,24.38,304.86,7,00-0026143,3.1,34.2
2012,6,Robert Griffin III,WAS,15,258,393,3200,20,5,30,3328,1450,151,44,19,42,24,8,18,0.55,0.42,0.43,NA,NA,NA,NA,NA,NA,NA,NA,NA,NA,3,0,0,10,5,5,0,120,815,7,6,380,20.66,25.33,317.5,5,00-0029665,8.11,94.9
2012,7,Tony Romo,DAL,16,425,648,4903,28,19,36,5715,1952,231,84,43,73,37,15,23,0.44,0.35,0.32,NA,NA,NA,NA,NA,NA,NA,NA,NA,NA,6,0,3,14,11,3,3,30,49,1,NA,376,27.62,23.5,278.92,8,00-0021678,6.03,62.6
2012,8,Joe Flacco,BAL,16,317,531,3817,22,10,35,5341,1544,174,59,36,93,26,13,34,0.44,0.36,0.37,NA,NA,NA,NA,NA,NA,NA,NA,NA,NA,2,3,0,11,10,1,2,32,22,3,NA,298,19.99,18.62,234.88,14,00-0026158,10.07,115.1
2012,9,Carson Palmer,LV,15,345,565,4018,22,14,26,4712,1959,184,72,39,61,38,13,16,0.53,0.33,0.26,NA,NA,NA,NA,NA,NA,NA,NA,NA,NA,1,4,1,13,5,4,2,18,36,1,NA,296,17.56,19.73,224.32,17,00-0021429,NA,NA
2012,10,Russell Wilson,SEA,16,252,393,3118,26,10,33,3903,1230,149,63,40,63,35,15,26,0.56,0.38,0.41,NA,NA,NA,NA,NA,NA,NA,NA,NA,NA,0,0,0,18,8,0,1,94,489,4,1,290,19.22,18.12,275.62,10,00-0029263,10.11,119.5
2012,11,Ben Roethlisberger,PIT,13,284,449,3265,26,8,30,3704,1474,167,68,40,45,37,18,11,0.54,0.45,0.24,NA,NA,NA,NA,NA,NA,NA,NA,NA,NA,1,2,0,19,4,3,2,26,92,0,NA,283,17.03,21.77,223.8,18,00-0022924,8.09,92.6
2012,12,Cam Newton,CAR,16,280,485,3869,19,12,36,4511,1715,168,59,35,71,22,5,28,0.37,0.14,0.39,NA,NA,NA,NA,NA,NA,NA,NA,NA,NA,3,0,0,8,10,1,3,127,741,8,15,280,25.03,17.5,324.86,4,00-0027939,2.04,16.5
2012,13,Andrew Luck,IND,16,339,627,4374,23,18,41,6377,1656,208,76,41,91,37,10,32,0.49,0.24,0.35,NA,NA,NA,NA,NA,NA,NA,NA,NA,NA,3,2,1,15,6,2,3,62,255,5,6,280,20.41,17.5,276.46,9,00-0029668,9.12,108
2012,14,Andy Dalton,CIN,16,329,528,3669,27,16,46,4528,1660,171,82,38,66,42,12,17,0.51,0.32,0.26,NA,NA,NA,NA,NA,NA,NA,NA,NA,NA,2,1,0,20,2,5,4,47,120,4,NA,270,21.05,16.88,248.76,12,00-0027973,NA,NA
2012,15,Matt Schaub,HOU,16,350,544,4008,22,12,27,4351,1758,202,58,22,55,28,7,17,0.48,0.32,0.31,NA,NA,NA,NA,NA,NA,NA,NA,NA,NA,1,0,1,14,5,3,0,21,-9,0,NA,250,22.43,15.62,222.82,19,00-0022787,9.05,100.9
2012,16,Eli Manning,NYG,16,321,536,3948,26,15,19,5122,1389,186,85,47,65,38,16,25,0.45,0.34,0.38,NA,NA,NA,NA,NA,NA,NA,NA,NA,NA,2,0,1,18,6,2,2,20,30,0,NA,250,19.48,15.62,232.92,15,00-0022803,5.02,49.9
2012,17,Matthew Stafford,DET,16,435,727,4967,20,17,29,6317,2048,264,91,52,95,41,14,30,0.45,0.27,0.32,NA,NA,NA,NA,NA,NA,NA,NA,NA,NA,4,2,2,15,5,0,4,35,126,4,NA,243,24.33,15.19,275.58,11,00-0026498,1.12,12
2012,18,Josh Freeman,TB,16,306,558,4065,27,17,26,5579,1642,185,74,50,93,40,16,32,0.54,0.32,0.34,NA,NA,NA,NA,NA,NA,NA,NA,NA,NA,1,1,1,20,4,3,3,39,139,0,NA,243,19.2,15.19,248.5,13,00-0026993,NA,NA
2012,19,Sam Bradford,LA,16,328,551,3702,21,13,35,4507,1518,185,67,34,64,36,14,23,0.54,0.41,0.36,NA,NA,NA,NA,NA,NA,NA,NA,NA,NA,2,1,0,13,5,3,2,36,124,1,NA,227,15.58,14.19,228.48,16,00-0027854,NA,NA
2012,20,Philip Rivers,LAC,16,338,527,3606,26,15,49,3960,1796,184,68,36,61,43,18,23,0.63,0.5,0.38,NA,NA,NA,NA,NA,NA,NA,NA,NA,NA,1,1,0,18,7,1,2,27,40,0,NA,225,15.3,14.06,208.24,21,00-0022942,7.01,73.1
2012,21,Ryan Fitzpatrick,BUF,16,306,505,3400,24,16,30,3906,1796,174,65,29,53,34,12,12,0.52,0.41,0.23,NA,NA,NA,NA,NA,NA,NA,NA,NA,NA,1,1,0,14,8,2,2,48,197,1,NA,225,18.37,14.06,211.7,20,00-0023682,NA,NA
2012,22,Colin Kaepernick,SF,13,136,218,1814,10,3,16,2140,705,85,NA,NA,NA,NA,NA,NA,NA,NA,NA,NA,NA,NA,NA,NA,NA,NA,NA,NA,NA,0,0,0,5,5,0,0,63,415,5,5,180,15.43,13.85,174.06,25,00-0027974,NA,NA
2012,23,Christian Ponder,MIN,16,300,483,2935,18,12,32,3344,1610,163,79,30,42,44,10,8,0.56,0.33,0.19,NA,NA,NA,NA,NA,NA,NA,NA,NA,NA,0,1,0,17,1,0,1,60,253,2,2,153,12.26,9.56,193.2,22,00-0027950,NA,NA
2012,24,Jay Cutler,CHI,15,255,434,3033,19,14,38,4441,1153,153,50,35,74,25,13,21,0.5,0.37,0.28,NA,NA,NA,NA,NA,NA,NA,NA,NA,NA,1,0,0,11,7,1,2,41,233,0,0,145,13.82,9.67,184.62,23,00-0024226,7.09,80.8
2012,25,Alex Smith,SF,10,153,218,1737,13,5,24,1674,775,87,19,10,18,12,7,8,NA,0.7,NA,NA,NA,NA,NA,NA,NA,NA,NA,NA,NA,1,0,0,8,5,0,0,31,132,0,0,140,19.55,14,122.68,29,00-0023436,NA,NA
2011,1,Aaron Rodgers,GB,15,343,502,4643,45,6,36,4554,2017,208,97,47,65,56,26,35,0.58,0.55,0.54,NA,NA,NA,NA,NA,NA,NA,NA,NA,NA,5,2,1,29,9,7,0,60,257,3,NA,675,18.52,45,397.42,1,00-0023459,1.09,9.3
2011,2,Drew Brees,NO,16,468,657,5476,46,14,24,5039,2421,278,107,44,64,68,21,34,0.64,0.48,0.53,NA,NA,NA,NA,NA,NA,NA,NA,NA,NA,5,6,2,30,14,2,1,21,86,1,NA,671,24.7,41.94,391.64,2,00-0020531,3.03,27
2011,3,Tom Brady,NE,16,401,611,5235,39,12,32,4989,2566,261,106,53,55,61,23,18,0.58,0.43,0.33,NA,NA,NA,NA,NA,NA,NA,NA,NA,NA,6,3,2,29,8,2,1,43,109,3,NA,560,17.03,35,366.3,4,00-0019596,2.07,18.8
2011,4,Matthew Stafford,DET,16,421,663,5038,41,16,36,5421,2229,243,111,70,73,50,22,32,0.45,0.31,0.44,NA,NA,NA,NA,NA,NA,NA,NA,NA,NA,3,3,2,29,7,5,3,22,78,0,NA,501,24.85,31.31,341.32,5,00-0026498,7.06,78.1
2011,5,Cam Newton,CAR,16,310,517,4051,21,17,35,4907,1911,173,69,39,84,28,10,30,0.41,0.26,0.36,NA,NA,NA,NA,NA,NA,NA,NA,NA,NA,0,1,2,13,5,3,1,126,706,14,14,406,19.52,25.38,369.34,3,00-0027939,13.1,153.6
2011,6,Eli Manning,NYG,16,359,589,4933,29,16,28,5770,2089,216,78,48,100,38,14,39,0.49,0.29,0.39,NA,NA,NA,NA,NA,NA,NA,NA,NA,NA,5,0,3,15,8,6,3,35,15,1,NA,400,21.76,25,280.82,6,00-0022803,9.02,97.9
2011,7,Tony Romo,DAL,16,346,522,4184,31,10,36,4020,1946,203,75,36,61,43,17,29,0.57,0.47,0.48,NA,NA,NA,NA,NA,NA,NA,NA,NA,NA,5,0,0,18,8,5,2,22,46,1,NA,380,19.1,23.75,275.96,7,00-0021678,4.05,41.4
2011,8,Matt Ryan,ATL,16,347,566,4177,29,12,26,5099,1718,205,91,47,56,44,16,13,0.48,0.34,0.23,NA,NA,NA,NA,NA,NA,NA,NA,NA,NA,4,2,0,18,8,3,1,37,84,2,NA,375,17.2,23.44,273.48,8,00-0026143,6.01,61.3
2011,9,Philip Rivers,LAC,16,366,582,4624,27,20,30,5222,1974,234,75,48,75,36,19,29,0.48,0.4,0.39,NA,NA,NA,NA,NA,NA,NA,NA,NA,NA,3,3,0,14,11,2,4,26,36,1,NA,273,18.13,17.06,254.56,9,00-0022942,3.01,25.1
2011,10,Ben Roethlisberger,PIT,15,324,513,4077,21,14,40,4793,1741,210,73,37,67,32,11,22,0.44,0.3,0.33,NA,NA,NA,NA,NA,NA,NA,NA,NA,NA,2,3,0,15,3,3,0,31,70,0,NA,250,18.96,16.67,216.08,13,00-0022924,6.07,67.1
2011,11,Mark Sanchez,NYJ,16,308,543,3474,26,18,39,4384,1506,171,86,51,50,45,17,15,0.52,0.33,0.3,NA,NA,NA,NA,NA,NA,NA,NA,NA,NA,2,1,0,21,5,0,3,37,103,6,NA,245,18.21,15.31,237.26,10,00-0026898,13.01,144.7
2011,12,Matt Schaub,HOU,10,178,292,2479,15,6,16,2463,1189,118,50,21,37,23,7,14,0.46,0.33,0.38,NA,NA,NA,NA,NA,NA,NA,NA,NA,NA,0,1,1,7,4,4,0,15,9,2,NA,240,17.13,24,158.06,22,00-0022787,5.08,55.7
2011,13,Joe Flacco,BAL,16,312,542,3610,20,12,31,5020,1586,179,67,49,78,23,14,20,0.34,0.29,0.26,NA,NA,NA,NA,NA,NA,NA,NA,NA,NA,3,1,0,11,8,1,1,39,88,1,NA,230,17.4,14.38,202.4,17,00-0026158,10.04,112.1
2011,14,Alex Smith,SF,16,273,445,3144,17,5,44,3386,1429,147,70,31,43,27,6,16,0.39,0.19,0.37,NA,NA,NA,NA,NA,NA,NA,NA,NA,NA,0,0,0,8,7,2,0,52,179,2,NA,223,13.44,13.94,211.66,14,00-0023436,NA,NA
2011,15,Mike Vick,PHI,13,253,423,3303,18,14,23,3878,1332,155,69,24,62,35,8,25,0.51,0.33,0.4,NA,NA,NA,NA,NA,NA,NA,NA,NA,NA,2,0,1,13,4,1,1,76,589,1,3,185,17.06,14.23,233.02,11,00-0020245,NA,NA
2011,16,Tim Tebow,DEN,13,126,271,1729,12,6,33,3491,605,76,NA,NA,NA,NA,NA,NA,NA,NA,NA,NA,NA,NA,NA,NA,NA,NA,NA,NA,NA,0,0,0,6,5,1,2,122,660,6,3,181,17.01,13.92,199.16,18,00-0027876,NA,NA
2011,17,Andy Dalton,CIN,16,300,516,3398,20,13,24,4298,1317,156,71,39,55,36,14,27,0.51,0.36,0.49,NA,NA,NA,NA,NA,NA,NA,NA,NA,NA,1,1,0,15,5,0,1,37,152,1,NA,180,11.62,11.25,207.12,15,00-0027973,NA,NA
2011,18,Matt Hasselbeck,TEN,16,319,518,3571,18,14,19,4129,1631,163,57,38,63,33,14,20,0.58,0.37,0.32,NA,NA,NA,NA,NA,NA,NA,NA,NA,NA,1,2,0,13,2,3,3,20,52,0,NA,145,17.91,9.06,190.04,19,00-0007091,NA,NA
2011,19,Matt Moore,MIA,13,210,347,2497,16,9,36,3471,838,122,51,32,60,26,11,26,0.51,0.34,0.43,NA,NA,NA,NA,NA,NA,NA,NA,NA,NA,0,0,0,12,3,1,1,32,65,2,NA,145,17.81,11.15,152.38,23,00-0025708,NA,NA
2011,20,Ryan Fitzpatrick,BUF,16,353,569,3832,24,23,22,4315,1866,178,88,37,54,45,15,15,0.51,0.41,0.28,NA,NA,NA,NA,NA,NA,NA,NA,NA,NA,2,1,0,20,3,1,3,56,215,0,5,143,19.2,8.94,222.78,12,00-0023682,13.09,152.7
2011,21,Jay Cutler,CHI,10,182,314,2319,13,7,23,2753,972,106,40,24,36,17,10,14,0.42,0.42,0.39,NA,NA,NA,NA,NA,NA,NA,NA,NA,NA,2,0,0,8,4,1,1,18,55,1,NA,140,11.74,14,136.26,25,00-0024226,11.06,126
2011,22,Tarvaris Jackson,SEA,15,271,450,3091,14,13,42,3969,1362,138,60,25,60,28,4,20,0.47,0.16,0.33,NA,NA,NA,NA,NA,NA,NA,NA,NA,NA,2,0,0,9,2,3,1,40,108,1,NA,135,13.65,9,160.44,20,00-0024279,NA,NA
2011,23,Carson Palmer,LV,10,199,328,2753,13,16,17,3389,1051,122,31,18,52,16,6,22,0.52,0.33,0.42,NA,NA,NA,NA,NA,NA,NA,NA,NA,NA,2,1,1,6,6,1,2,16,20,1,NA,130,21.88,13,136.12,26,00-0021429,NA,NA
2011,24,Matt Flynn,GB,5,33,49,518,6,2,5,474,227,22,8,3,6,5,2,3,NA,NA,NA,NA,NA,NA,NA,NA,NA,NA,NA,NA,NA,0,0,1,2,2,2,0,13,-6,1,1,115,48.94,23,44.12,42,00-0026349,NA,NA
2011,25,Josh Freeman,TB,15,346,551,3592,16,22,29,4004,1650,168,78,27,38,45,10,15,0.58,0.37,0.39,NA,NA,NA,NA,NA,NA,NA,NA,NA,NA,2,0,0,13,2,1,2,55,238,4,NA,111,14.57,7.4,205.48,16,00-0026993,8.08,91.7
2010,1,Tom Brady,NE,16,324,492,3900,36,4,25,3872,1880,189,89,32,45,51,17,16,0.57,0.53,0.36,NA,NA,NA,NA,NA,NA,NA,NA,NA,NA,2,2,0,27,6,3,0,31,30,1,NA,460,18.84,28.75,299,3,00-0019596,3.01,25.2
2010,2,Philip Rivers,LAC,16,357,541,4710,30,13,38,4612,2223,234,81,42,62,38,12,27,0.47,0.29,0.44,NA,NA,NA,NA,NA,NA,NA,NA,NA,NA,4,0,2,18,7,5,0,29,52,0,NA,413,18.54,25.81,281.6,5,00-0022942,4.06,42
2010,3,Aaron Rodgers,GB,15,312,475,3922,28,11,31,4419,1775,183,81,35,73,50,18,26,0.62,0.51,0.36,NA,NA,NA,NA,NA,NA,NA,NA,NA,NA,4,0,1,19,5,4,0,64,356,4,7,395,22.71,26.33,304.48,2,00-0023459,1.07,6.8
2010,4,Mike Vick,PHI,12,233,372,3018,21,6,34,3519,1332,131,76,31,64,40,7,24,0.53,0.23,0.38,NA,NA,NA,NA,NA,NA,NA,NA,NA,NA,3,0,0,13,4,4,0,100,676,9,7,393,23.35,32.75,310.32,1,00-0020245,NA,NA
2010,5,Peyton Manning,IND,16,450,679,4700,33,17,16,5905,1884,253,88,47,85,50,18,22,0.57,0.38,0.26,NA,NA,NA,NA,NA,NA,NA,NA,NA,NA,3,3,1,26,4,3,4,18,18,0,NA,335,24.37,20.94,285.8,4,00-0010346,2.06,17.7
2010,6,Drew Brees,NO,16,448,658,4620,33,22,25,5025,2048,236,109,43,75,64,17,29,0.59,0.4,0.39,NA,NA,NA,NA,NA,NA,NA,NA,NA,NA,3,4,0,23,8,2,4,18,-3,0,NA,310,19.31,19.38,269.2,6,00-0020531,1.12,12.1
2010,7,Matt Cassel,KC,15,262,450,3116,27,7,26,3660,1475,163,66,40,53,31,17,14,0.47,0.42,0.26,NA,NA,NA,NA,NA,NA,NA,NA,NA,NA,1,0,1,18,7,2,1,33,125,0,NA,310,24.56,20.67,229.14,11,00-0023662,13.04,147.6
2010,8,Eli Manning,NYG,16,339,539,4002,31,25,16,4983,1611,192,75,36,70,42,18,23,0.56,0.5,0.33,NA,NA,NA,NA,NA,NA,NA,NA,NA,NA,2,2,0,17,11,3,1,32,70,0,NA,305,15.08,19.06,227.08,12,00-0022803,8.1,93.8
2010,9,Joe Flacco,BAL,16,306,489,3622,25,10,40,4441,1508,174,63,45,70,27,18,24,0.43,0.4,0.34,NA,NA,NA,NA,NA,NA,NA,NA,NA,NA,1,0,0,14,9,2,0,43,84,1,NA,285,14.37,17.81,231.28,10,00-0026158,6.01,60.8
2010,10,Matt Ryan,ATL,16,357,571,3705,28,9,23,4796,1351,199,91,38,46,51,17,15,0.56,0.45,0.33,NA,NA,NA,NA,NA,NA,NA,NA,NA,NA,1,0,0,22,6,0,0,46,122,0,NA,281,13.92,17.56,248.4,8,00-0026143,8.05,89.4
2010,11,David Garrard,JAX,14,236,366,2734,23,15,33,3149,1181,130,47,24,49,27,13,22,0.57,0.54,0.45,NA,NA,NA,NA,NA,NA,NA,NA,NA,NA,1,0,0,16,5,2,0,66,279,5,NA,270,20.93,19.29,221.26,14,00-0021231,14.03,159.1
2010,12,Matt Schaub,HOU,16,365,574,4370,24,12,32,4416,1988,222,77,30,44,42,15,20,0.55,0.5,0.45,NA,NA,NA,NA,NA,NA,NA,NA,NA,NA,5,1,1,19,5,0,2,22,28,0,NA,268,16.11,16.75,245.6,9,00-0022787,3.08,31.9
2010,13,Josh Freeman,TB,16,291,474,3451,25,6,28,4350,1510,166,60,46,66,35,16,22,0.58,0.35,0.33,NA,NA,NA,NA,NA,NA,NA,NA,NA,NA,0,0,0,15,9,1,1,68,364,0,3,263,15.76,16.44,258.44,7,00-0026993,NA,NA
2010,14,Ben Roethlisberger,PIT,12,240,389,3200,17,5,32,3659,1336,149,59,31,55,29,7,25,0.49,0.23,0.45,NA,NA,NA,NA,NA,NA,NA,NA,NA,NA,2,1,0,9,5,3,1,34,176,2,3,245,20.72,20.42,209.6,16,00-0022924,10.04,111.5
2010,15,Kyle Orton,DEN,13,293,498,3653,20,9,34,4579,1468,173,71,41,70,30,12,27,0.42,0.29,0.39,NA,NA,NA,NA,NA,NA,NA,NA,NA,NA,4,1,1,13,7,0,2,22,98,0,NA,240,21.93,18.46,207.92,17,00-0023541,14.05,160.9
2010,16,Ryan Fitzpatrick,BUF,13,255,441,3000,23,15,24,3975,1195,151,66,36,66,33,9,17,0.5,0.25,0.26,NA,NA,NA,NA,NA,NA,NA,NA,NA,NA,1,1,0,14,8,1,1,40,269,0,1,215,19.19,16.54,198.9,19,00-0023682,NA,NA
2010,17,Mark Sanchez,NYJ,15,278,507,3291,17,13,27,4656,1299,162,70,34,61,33,12,18,0.47,0.35,0.3,NA,NA,NA,NA,NA,NA,NA,NA,NA,NA,2,0,0,8,7,2,0,30,105,3,NA,213,19.57,14.2,202.14,18,00-0026898,12.12,144.1
2010,18,Carson Palmer,CIN,16,362,586,3970,26,20,26,4959,1630,205,76,48,54,39,17,17,0.51,0.35,0.31,NA,NA,NA,NA,NA,NA,NA,NA,NA,NA,2,1,1,19,4,3,5,32,50,0,NA,198,24.55,12.38,223.8,13,00-0021429,9.02,98.2
2010,19,Jay Cutler,CHI,15,261,432,3274,23,16,52,3906,1427,159,69,47,57,35,14,17,0.51,0.3,0.3,NA,NA,NA,NA,NA,NA,NA,NA,NA,NA,0,1,0,15,6,2,2,50,232,1,NA,198,22.43,13.2,210.16,15,00-0024226,7.06,78.4
2010,20,Jason Campbell,LV,13,194,329,2387,13,8,33,2792,1274,108,46,24,45,25,6,11,0.54,0.25,0.24,NA,NA,NA,NA,NA,NA,NA,NA,NA,NA,2,0,0,8,2,3,0,47,222,1,NA,160,16.53,12.31,157.68,23,00-0023460,14.01,157
2010,21,Shaun Hill,DET,11,257,416,2686,16,12,17,2992,1425,133,52,35,43,27,11,11,0.52,0.31,0.26,NA,NA,NA,NA,NA,NA,NA,NA,NA,NA,3,0,0,9,5,2,2,22,123,0,NA,148,16.19,13.45,159.74,22,00-0020679,NA,NA
2010,22,Jon Kitna,DAL,10,209,318,2365,16,12,21,2140,1345,117,48,31,24,23,9,9,0.48,0.29,NA,NA,NA,NA,NA,NA,NA,NA,NA,NA,NA,3,1,0,13,2,1,3,31,147,1,NA,141,24.8,14.1,157.3,24,00-0009311,NA,NA
2010,23,Tony Romo,DAL,6,148,213,1605,11,7,7,1548,789,75,26,14,21,18,6,8,NA,0.43,NA,NA,NA,NA,NA,NA,NA,NA,NA,NA,NA,0,1,1,8,1,2,0,6,38,0,NA,140,15.38,23.33,98,30,00-0021678,3.11,35
2010,24,Kerry Collins,TEN,10,160,278,1823,14,8,13,2723,537,90,36,20,45,19,6,18,0.53,0.3,0.4,NA,NA,NA,NA,NA,NA,NA,NA,NA,NA,1,0,0,9,3,2,1,10,1,0,NA,133,15.53,13.3,109.02,28,00-0003292,NA,NA
2010,25,Sam Bradford,LA,16,354,590,3512,18,15,34,3921,1861,179,95,34,44,42,10,11,0.44,0.29,0.25,NA,NA,NA,NA,NA,NA,NA,NA,NA,NA,1,0,0,12,6,0,2,27,63,1,NA,125,18.35,7.81,190.78,20,00-0027854,13.12,156.4
